<?xml version="1.0" encoding="UTF-8"?>
<project-private xmlns="http://www.netbeans.org/ns/project-private/1">
    <editor-bookmarks xmlns="http://www.netbeans.org/ns/editor-bookmarks/2" lastBookmarkId="0"/>
    <open-files xmlns="http://www.netbeans.org/ns/projectui-open-files/2">
        <group>
            <file>file:/C:/wamp/www/sim/app/View/Estudantes/cadastrar.ctp</file>
            <file>file:/C:/wamp/www/sim/app/View/Gratuitos/cadastrar.ctp</file>
            <file>file:/C:/wamp/www/sim/app/View/Empresas/cadastrar.ctp</file>
            <file>file:/C:/wamp/www/sim/app/View/Comums/cadastrar.ctp</file>
            <file>file:/C:/wamp/www/sim/app/View/Layouts/default.ctp</file>
        </group>
    </open-files>
</project-private>
